File;Temps_cpu_resoldre(cpuTime_sense_temps_cerca);Unitaries_learnt;Binaries_learnt;Binaries_learnt_nova;Binaries_learnt_existent;Unitaries_A_in_binaries_learnt_trobada;Ternaries_learnt;Binaria_AC_trobada;Binaria_AC_amb_retroces_esperat;Binaria_AC_amb_retroces_anterior;Binaria_AB_trobada;Binaries_AC_&_AB_trobades;Unitaria_A_in_ternaria_learnt_trobada;Retroces_per_reduccio_a_binaries_esperat;Retroces_per_reduccio_a_binaries_anterior_al_esperat;Simplificat_a_Binaries(NO CDCL);Simplificat_a_Unitaries(NO CDCL);Quants_cops_fet_cerca_implicacions;Temps_total_segons_fet_cerca_implicacions;Temps_mitjana_segons_fet_cerca_implicacions;Unitaries_descobertes_per_la_cerca_de_implicacions;Unitaries_reedescobertes_en_restart;Unitaries_evitat_restart_afegits;Binaries_AC_recordades_afegides;Binaries_AC_recordades_reedescobertes;Resultat
ENC3_NNGR_8x38_01;0.00476;0;0;0;0;0;0;0;0;0;0;0;0;0;0;0;0;0;0.00000;0.00000;0;0;0;0;0;SAT
ENC3_NNGR_9x33_01;0.00502;0;0;0;0;0;0;0;0;0;0;0;0;0;0;0;0;0;0.00000;0.00000;0;0;0;0;0;SAT
ENC3_NNGR_10x10_01;0.01808;0;0;0;0;0;0;0;0;0;0;0;0;0;0;0;0;0;0.00000;0.00000;0;0;0;0;0;SAT
ENC3_NNGR_10x15_01;0.02046;0;0;0;0;0;0;0;0;0;0;0;0;0;0;0;0;0;0.00000;0.00000;0;0;0;0;0;SAT
ENC3_NNGR_10x15_02;0.01547;0;0;0;0;0;0;0;0;0;0;0;0;0;0;0;0;0;0.00000;0.00000;0;0;0;0;0;SAT
ENC3_NNGR_10x15_03;0.01441;0;0;0;0;0;0;0;0;0;0;0;0;0;0;0;0;0;0.00000;0.00000;0;0;0;0;0;SAT
ENC3_NNGR_10x20_01;0.01434;0;0;0;0;0;0;0;0;0;0;0;0;0;0;0;0;0;0.00000;0.00000;0;0;0;0;0;SAT
ENC3_NNGR_11x15_01;0.01294;0;0;0;0;0;0;0;0;0;0;0;0;0;0;0;0;0;0.00000;0.00000;0;0;0;0;0;SAT
ENC3_NNGR_11x15_02;0.01229;0;0;0;0;0;0;0;0;0;0;0;0;0;0;0;0;0;0.00000;0.00000;0;0;0;0;0;SAT
ENC3_NNGR_12x12_01;0.00857;2;0;0;0;0;0;0;0;0;0;0;0;0;0;0;0;0;0.00000;0.00000;0;0;0;0;0;SAT
ENC3_NNGR_12x21_01;0.03021;0;0;0;0;0;0;0;0;0;0;0;0;0;0;0;0;0;0.00000;0.00000;0;0;0;0;0;SAT
ENC3_NNGR_13x10_01;0.02659;0;0;0;0;0;0;0;0;0;0;0;0;0;0;0;0;0;0.00000;0.00000;0;0;0;0;0;SAT
ENC3_NNGR_13x15_01;0.01948;0;0;0;0;0;0;0;0;0;0;0;0;0;0;0;0;0;0.00000;0.00000;0;0;0;0;0;SAT
ENC3_NNGR_13x18_01;0.02059;0;0;0;0;0;0;0;0;0;0;0;0;0;0;0;0;0;0.00000;0.00000;0;0;0;0;0;SAT
ENC3_NNGR_14x15_01;0.02617;0;0;0;0;0;0;0;0;0;0;0;0;0;0;0;0;0;0.00000;0.00000;0;0;0;0;0;SAT
ENC3_NNGR_14x15_02;0.01944;2;1;0;0;0;0;0;0;0;0;0;0;0;0;0;0;0;0.00000;0.00000;0;0;0;0;0;SAT
ENC3_NNGR_14x16_01;0.01876;0;0;0;0;0;0;0;0;0;0;0;0;0;0;0;0;0;0.00000;0.00000;0;0;0;0;0;SAT
ENC3_NNGR_14x44_01;0.02343;1;0;0;0;0;0;0;0;0;0;0;0;0;0;0;0;0;0.00000;0.00000;0;0;0;0;0;SAT
ENC3_NNGR_15x10_01;0.01529;0;0;0;0;0;0;0;0;0;0;0;0;0;0;0;0;0;0.00000;0.00000;0;0;0;0;0;SAT
ENC3_NNGR_15x15_01;0.01245;0;0;0;0;0;0;0;0;0;0;0;0;0;0;0;0;0;0.00000;0.00000;0;0;0;0;0;SAT
ENC3_NNGR_15x15_02;0.01473;0;0;0;0;0;0;0;0;0;0;0;0;0;0;0;0;0;0.00000;0.00000;0;0;0;0;0;SAT
ENC3_NNGR_15x15_03;0.01189;0;0;0;0;0;0;0;0;0;0;0;0;0;0;0;0;0;0.00000;0.00000;0;0;0;0;0;SAT
ENC3_NNGR_15x15_04;0.01188;0;0;0;0;0;0;0;0;0;0;0;0;0;0;0;0;0;0.00000;0.00000;0;0;0;0;0;SAT
ENC3_NNGR_15x15_05;0.01096;0;0;0;0;0;0;0;0;0;0;0;0;0;0;0;0;0;0.00000;0.00000;0;0;0;0;0;SAT
ENC3_NNGR_15x15_06;0.01455;0;0;0;0;0;0;0;0;0;0;0;0;0;0;0;0;0;0.00000;0.00000;0;0;0;0;0;SAT
ENC3_NNGR_15x17_01;0.02857;0;0;0;0;0;0;0;0;0;0;0;0;0;0;0;0;0;0.00000;0.00000;0;0;0;0;0;SAT
ENC3_NNGR_15x18_01;0.02709;0;0;0;0;0;0;0;0;0;0;0;0;0;0;0;0;0;0.00000;0.00000;0;0;0;0;0;SAT
ENC3_NNGR_15x20_01;0.02232;0;0;0;0;0;0;0;0;0;0;0;0;0;0;0;0;0;0.00000;0.00000;0;0;0;0;0;SAT
ENC3_NNGR_16x19_01;0.02847;0;0;0;0;0;0;0;0;0;0;0;0;0;0;0;0;0;0.00000;0.00000;0;0;0;0;0;SAT
ENC3_NNGR_17x11_01;0.02428;0;0;0;0;0;0;0;0;0;0;0;0;0;0;0;0;0;0.00000;0.00000;0;0;0;0;0;SAT
ENC3_NNGR_17x18_01;0.01888;0;0;0;0;0;0;0;0;0;0;0;0;0;0;0;0;0;0.00000;0.00000;0;0;0;0;0;SAT
ENC3_NNGR_18x17_01;0.01734;0;0;0;0;0;0;0;0;0;0;0;0;0;0;0;0;0;0.00000;0.00000;0;0;0;0;0;SAT
ENC3_NNGR_18x25_01;0.01716;0;0;0;0;0;0;0;0;0;0;0;0;0;0;0;0;0;0.00000;0.00000;0;0;0;0;0;SAT
ENC3_NNGR_20x10_01;0.01464;0;0;0;0;0;0;0;0;0;0;0;0;0;0;0;0;0;0.00000;0.00000;0;0;0;0;0;SAT
ENC3_NNGR_20x10_02;0.02107;1;0;0;0;0;0;0;0;0;0;0;0;0;0;0;0;0;0.00000;0.00000;0;0;0;0;0;SAT
ENC3_NNGR_20x15_01;0.02150;0;0;0;0;0;0;0;0;0;0;0;0;0;0;0;0;0;0.00000;0.00000;0;0;0;0;0;SAT
ENC3_NNGR_20x19_01;0.01903;0;0;0;0;0;0;0;0;0;0;0;0;0;0;0;0;0;0.00000;0.00000;0;0;0;0;0;SAT
ENC3_NNGR_21x14_01;0.01691;0;0;0;0;0;0;0;0;0;0;0;0;0;0;0;0;0;0.00000;0.00000;0;0;0;0;0;SAT
ENC3_NNGR_21x23_01;0.01614;0;0;0;0;0;0;0;0;0;0;0;0;0;0;0;0;0;0.00000;0.00000;0;0;0;0;0;SAT
ENC3_NNGR_21x33_01;0.01739;0;0;0;0;0;0;0;0;0;0;0;0;0;0;0;0;0;0.00000;0.00000;0;0;0;0;0;SAT
ENC3_NNGR_24x13_01;0.02954;0;0;0;0;0;0;0;0;0;0;0;0;0;0;0;0;0;0.00000;0.00000;0;0;0;0;0;SAT
ENC3_NNGR_24x18_01;0.02362;5;2;0;0;0;2;0;0;0;0;0;0;0;0;0;0;0;0.00000;0.00000;0;0;0;0;0;SAT
ENC3_NNGR_25x20_01;0.02393;0;0;0;0;0;0;0;0;0;0;0;0;0;0;0;0;0;0.00000;0.00000;0;0;0;0;0;SAT
ENC3_NNGR_25x24_01;0.02843;0;0;0;0;0;0;0;0;0;0;0;0;0;0;0;0;0;0.00000;0.00000;0;0;0;0;0;SAT
ENC3_NNGR_25x25_01;0.03224;2;0;0;0;0;0;0;0;0;0;0;0;0;0;0;0;0;0.00000;0.00000;0;0;0;0;0;SAT
ENC3_NNGR_29x25_01;0.02762;0;0;0;0;0;0;0;0;0;0;0;0;0;0;0;0;0;0.00000;0.00000;0;0;0;0;0;SAT
ENC3_NNGR_30x20_01;0.02154;2;0;0;0;0;0;0;0;0;0;0;0;0;0;0;0;0;0.00000;0.00000;0;0;0;0;0;SAT
ENC3_NNGR_30x20_02;0.03891;0;0;0;0;0;0;0;0;0;0;0;0;0;0;0;0;0;0.00000;0.00000;0;0;0;0;0;SAT
ENC3_NNGR_30x20_03;0.02715;0;0;0;0;0;0;0;0;0;0;0;0;0;0;0;0;0;0.00000;0.00000;0;0;0;0;0;SAT
ENC3_NNGR_30x20_04;0.02699;0;0;0;0;0;0;0;0;0;0;0;0;0;0;0;0;0;0.00000;0.00000;0;0;0;0;0;SAT
ENC3_NNGR_30x25_01;0.02444;0;0;0;0;0;0;0;0;0;0;0;0;0;0;0;0;0;0.00000;0.00000;0;0;0;0;0;SAT
ENC3_NNGR_30x25_02;0.02051;0;0;0;0;0;0;0;0;0;0;0;0;0;0;0;0;0;0.00000;0.00000;0;0;0;0;0;SAT
ENC3_NNGR_30x30_01;0.03473;0;0;0;0;0;0;0;0;0;0;0;0;0;0;0;0;0;0.00000;0.00000;0;0;0;0;0;SAT
ENC3_NNGR_30x32_01;0.03739;0;0;0;0;0;0;0;0;0;0;0;0;0;0;0;0;0;0.00000;0.00000;0;0;0;0;0;SAT
ENC3_NNGR_30x45_01;0.04553;4;2;0;0;0;1;0;0;0;0;0;0;0;0;0;0;0;0.00000;0.00000;0;0;0;0;0;SAT
ENC3_NNGR_30x45_02;0.02804;17;6;0;0;0;2;0;0;0;0;0;0;0;0;0;0;0;0.00000;0.00000;0;0;0;0;0;SAT
ENC3_NNGR_32x32_01;0.03612;1;0;0;0;0;0;0;0;0;0;0;0;0;0;0;0;0;0.00000;0.00000;0;0;0;0;0;SAT
ENC3_NNGR_34x30_01;0.03012;1;2;0;0;0;0;0;0;0;0;0;0;0;0;0;0;0;0.00000;0.00000;0;0;0;0;0;SAT
ENC3_NNGR_35x18_01;0.01933;0;0;0;0;0;0;0;0;0;0;0;0;0;0;0;0;0;0.00000;0.00000;0;0;0;0;0;SAT
ENC3_NNGR_35x25_01;0.03243;0;0;0;0;0;0;0;0;0;0;0;0;0;0;0;0;0;0.00000;0.00000;0;0;0;0;0;SAT
ENC3_NNGR_35x25_02;0.02657;0;0;0;0;0;0;0;0;0;0;0;0;0;0;0;0;0;0.00000;0.00000;0;0;0;0;0;SAT
ENC3_NNGR_35x25_03;0.02986;2;0;0;0;0;0;0;0;0;0;0;0;0;0;0;0;0;0.00000;0.00000;0;0;0;0;0;SAT
ENC3_NNGR_35x25_04;0.01805;0;0;0;0;0;0;0;0;0;0;0;0;0;0;0;0;0;0.00000;0.00000;0;0;0;0;0;SAT
ENC3_NNGR_35x35_01;0.02832;2;2;0;0;0;0;0;0;0;0;0;0;0;0;0;0;0;0.00000;0.00000;0;0;0;0;0;SAT
ENC3_NNGR_35x35_02;0.03229;3;3;0;0;0;3;0;0;0;0;0;0;0;0;0;0;0;0.00000;0.00000;0;0;0;0;0;SAT
ENC3_NNGR_35x35_03;0.04041;0;0;0;0;0;0;0;0;0;0;0;0;0;0;0;0;0;0.00000;0.00000;0;0;0;0;0;SAT
ENC3_NNGR_35x45_01;0.03793;4;0;0;0;0;0;0;0;0;0;0;0;0;0;0;0;0;0.00000;0.00000;0;0;0;0;0;SAT
ENC3_NNGR_35x45_02;0.03920;5;6;0;0;0;9;0;0;0;0;0;0;0;0;0;0;0;0.00000;0.00000;0;0;0;0;0;SAT
ENC3_NNGR_35x45_03;0.05029;9;12;0;0;0;30;0;0;0;0;0;0;0;0;0;0;0;0.00000;0.00000;0;0;0;0;0;SAT
ENC3_NNGR_35x45_04;0.04902;3;0;0;0;0;1;0;0;0;0;0;0;0;0;0;0;0;0.00000;0.00000;0;0;0;0;0;SAT
ENC3_NNGR_35x45_05;0.03404;1;0;0;0;0;1;0;0;0;0;0;0;0;0;0;0;0;0.00000;0.00000;0;0;0;0;0;SAT
ENC3_NNGR_35x45_06;0.05311;4;8;0;0;0;2;0;0;0;0;0;0;0;0;0;0;0;0.00000;0.00000;0;0;0;0;0;SAT
ENC3_NNGR_39x39_01;0.03685;0;0;0;0;0;0;0;0;0;0;0;0;0;0;0;0;0;0.00000;0.00000;0;0;0;0;0;SAT
ENC3_NNGR_40x30_01;0.04059;0;0;0;0;0;0;0;0;0;0;0;0;0;0;0;0;0;0.00000;0.00000;0;0;0;0;0;SAT
ENC3_NNGR_40x35_01;0.02883;0;0;0;0;0;0;0;0;0;0;0;0;0;0;0;0;0;0.00000;0.00000;0;0;0;0;0;SAT
ENC3_NNGR_40x40_01;0.04172;0;0;0;0;0;0;0;0;0;0;0;0;0;0;0;0;0;0.00000;0.00000;0;0;0;0;0;SAT
ENC3_NNGR_40x40_02;0.04559;0;0;0;0;0;0;0;0;0;0;0;0;0;0;0;0;0;0.00000;0.00000;0;0;0;0;0;SAT
ENC3_NNGR_40x45_01;0.03495;2;3;0;0;0;2;0;0;0;0;0;0;0;0;0;0;0;0.00000;0.00000;0;0;0;0;0;SAT
ENC3_NNGR_40x45_02;0.03646;15;3;0;0;0;4;0;0;0;0;0;0;0;0;0;0;0;0.00000;0.00000;0;0;0;0;0;SAT
ENC3_NNGR_40x45_03;0.05085;5;2;0;0;0;2;0;0;0;0;0;0;0;0;0;0;0;0.00000;0.00000;0;0;0;0;0;SAT
ENC3_NNGR_40x45_04;0.05730;14;16;0;0;0;26;0;0;0;0;0;0;0;0;0;0;0;0.00000;0.00000;0;0;0;0;0;SAT
ENC3_NNGR_40x45_05;0.04405;9;8;0;0;0;18;0;0;0;0;0;0;0;0;0;0;0;0.00000;0.00000;0;0;0;0;0;SAT
ENC3_NNGR_40x45_06;0.03799;7;7;0;0;0;7;0;0;0;0;0;0;0;0;0;0;0;0.00000;0.00000;0;0;0;0;0;SAT
ENC3_NNGR_40x45_07;0.06475;22;16;0;0;0;34;0;0;0;0;0;0;0;0;0;0;0;0.00000;0.00000;0;0;0;0;0;SAT
ENC3_NNGR_40x45_08;0.03319;10;4;0;0;0;1;0;0;0;0;0;0;0;0;0;0;0;0.00000;0.00000;0;0;0;0;0;SAT
ENC3_NNGR_41x45_01;0.03095;6;0;0;0;0;0;0;0;0;0;0;0;0;0;0;0;0;0.00000;0.00000;0;0;0;0;0;SAT
ENC3_NNGR_42x24_01;0.02463;0;0;0;0;0;0;0;0;0;0;0;0;0;0;0;0;0;0.00000;0.00000;0;0;0;0;0;SAT
ENC3_NNGR_43x39_01;0.02733;10;2;0;0;0;2;0;0;0;0;0;0;0;0;0;0;0;0.00000;0.00000;0;0;0;0;0;SAT
ENC3_NNGR_45x19_01;0.01293;0;0;0;0;0;0;0;0;0;0;0;0;0;0;0;0;0;0.00000;0.00000;0;0;0;0;0;SAT
ENC3_NNGR_45x25_01;0.02082;0;0;0;0;0;0;0;0;0;0;0;0;0;0;0;0;0;0.00000;0.00000;0;0;0;0;0;SAT
ENC3_NNGR_45x27_01;0.01858;0;0;0;0;0;0;0;0;0;0;0;0;0;0;0;0;0;0.00000;0.00000;0;0;0;0;0;SAT
ENC3_NNGR_45x28_01;0.02056;0;0;0;0;0;0;0;0;0;0;0;0;0;0;0;0;0;0.00000;0.00000;0;0;0;0;0;SAT
ENC3_NNGR_45x28_02;0.01904;0;0;0;0;0;0;0;0;0;0;0;0;0;0;0;0;0;0.00000;0.00000;0;0;0;0;0;SAT
ENC3_NNGR_45x28_03;0.01622;5;3;0;0;0;1;0;0;0;0;0;0;0;0;0;0;0;0.00000;0.00000;0;0;0;0;0;SAT
ENC3_NNGR_45x28_04;0.01923;10;0;0;0;0;1;0;0;0;0;0;0;0;0;0;0;0;0.00000;0.00000;0;0;0;0;0;SAT
ENC3_NNGR_45x29_01;0.01205;0;0;0;0;0;0;0;0;0;0;0;0;0;0;0;0;0;0.00000;0.00000;0;0;0;0;0;SAT
ENC3_NNGR_45x30_01;0.02036;0;0;0;0;0;0;0;0;0;0;0;0;0;0;0;0;0;0.00000;0.00000;0;0;0;0;0;SAT
ENC3_NNGR_45x30_02;0.05061;3;1;0;0;0;0;0;0;0;0;0;0;0;0;0;0;0;0.00000;0.00000;0;0;0;0;0;SAT
ENC3_NNGR_45x30_03;0.03057;0;0;0;0;0;0;0;0;0;0;0;0;0;0;0;0;0;0.00000;0.00000;0;0;0;0;0;SAT
ENC3_NNGR_45x30_04;0.02656;0;0;0;0;0;0;0;0;0;0;0;0;0;0;0;0;0;0.00000;0.00000;0;0;0;0;0;SAT
ENC3_NNGR_45x30_05;0.03832;0;0;0;0;0;0;0;0;0;0;0;0;0;0;0;0;0;0.00000;0.00000;0;0;0;0;0;SAT
ENC3_NNGR_45x30_06;0.04023;0;0;0;0;0;0;0;0;0;0;0;0;0;0;0;0;0;0.00000;0.00000;0;0;0;0;0;SAT
ENC3_NNGR_45x30_07;0.02240;0;0;0;0;0;0;0;0;0;0;0;0;0;0;0;0;0;0.00000;0.00000;0;0;0;0;0;SAT
ENC3_NNGR_45x30_08;0.02637;4;3;0;0;0;1;0;0;0;0;0;0;0;0;0;0;0;0.00000;0.00000;0;0;0;0;0;SAT
ENC3_NNGR_45x30_09;0.03131;0;2;0;0;0;0;0;0;0;0;0;0;0;0;0;0;0;0.00000;0.00000;0;0;0;0;0;SAT
ENC3_NNGR_45x32_01;0.02569;0;0;0;0;0;0;0;0;0;0;0;0;0;0;0;0;0;0.00000;0.00000;0;0;0;0;0;SAT
ENC3_NNGR_45x32_02;0.02890;1;0;0;0;0;0;0;0;0;0;0;0;0;0;0;0;0;0.00000;0.00000;0;0;0;0;0;SAT
ENC3_NNGR_45x33_01;0.03177;0;0;0;0;0;0;0;0;0;0;0;0;0;0;0;0;0;0.00000;0.00000;0;0;0;0;0;SAT
ENC3_NNGR_45x33_02;0.03813;2;1;0;0;0;0;0;0;0;0;0;0;0;0;0;0;0;0.00000;0.00000;0;0;0;0;0;SAT
ENC3_NNGR_45x33_03;0.03813;0;0;0;0;0;0;0;0;0;0;0;0;0;0;0;0;0;0.00000;0.00000;0;0;0;0;0;SAT
ENC3_NNGR_45x33_04;0.03807;3;1;0;0;0;1;0;0;0;0;0;0;0;0;0;0;0;0.00000;0.00000;0;0;0;0;0;SAT
ENC3_NNGR_45x33_05;0.02669;0;0;0;0;0;0;0;0;0;0;0;0;0;0;0;0;0;0.00000;0.00000;0;0;0;0;0;SAT
ENC3_NNGR_45x35_01;0.02954;1;0;0;0;0;0;0;0;0;0;0;0;0;0;0;0;0;0.00000;0.00000;0;0;0;0;0;SAT
ENC3_NNGR_45x35_02;0.03389;4;2;0;0;0;2;0;0;0;0;0;0;0;0;0;0;0;0.00000;0.00000;0;0;0;0;0;SAT
ENC3_NNGR_45x35_03;0.03323;0;0;0;0;0;0;0;0;0;0;0;0;0;0;0;0;0;0.00000;0.00000;0;0;0;0;0;SAT
ENC3_NNGR_45x38_01;0.03882;0;0;0;0;0;0;0;0;0;0;0;0;0;0;0;0;0;0.00000;0.00000;0;0;0;0;0;SAT
ENC3_NNGR_45x39_01;0.03038;4;1;0;0;0;0;0;0;0;0;0;0;0;0;0;0;0;0.00000;0.00000;0;0;0;0;0;SAT
ENC3_NNGR_45x40_01;0.04809;12;6;0;0;0;7;0;0;0;0;0;0;0;0;0;0;0;0.00000;0.00000;0;0;0;0;0;SAT
ENC3_NNGR_45x40_02;0.04404;3;2;0;0;0;0;0;0;0;0;0;0;0;0;0;0;0;0.00000;0.00000;0;0;0;0;0;SAT
ENC3_NNGR_45x40_03;0.02662;4;4;0;0;0;4;0;0;0;0;0;0;0;0;0;0;0;0.00000;0.00000;0;0;0;0;0;SAT
ENC3_NNGR_45x40_04;0.03393;1;0;0;0;0;0;0;0;0;0;0;0;0;0;0;0;0;0.00000;0.00000;0;0;0;0;0;SAT
ENC3_NNGR_45x40_05;0.03384;18;13;0;0;0;4;0;0;0;0;0;0;0;0;0;0;0;0.00000;0.00000;0;0;0;0;0;SAT
ENC3_NNGR_45x40_06;0.05510;0;0;0;0;0;3;0;0;0;0;0;0;0;0;0;0;0;0.00000;0.00000;0;0;0;0;0;SAT
ENC3_NNGR_45x40_07;0.04286;2;2;0;0;0;5;0;0;0;0;0;0;0;0;0;0;0;0.00000;0.00000;0;0;0;0;0;SAT
ENC3_NNGR_45x45_01;0.04555;2;2;0;0;0;4;0;0;0;0;0;0;0;0;0;0;0;0.00000;0.00000;0;0;0;0;0;SAT
ENC3_NNGR_45x45_02;0.04026;5;12;0;0;0;7;0;0;0;0;0;0;0;0;0;0;0;0.00000;0.00000;0;0;0;0;0;SAT
ENC3_NNGR_45x45_03;0.08264;19;34;0;0;0;41;0;0;0;0;0;0;0;0;0;0;0;0.00000;0.00000;0;0;0;0;0;SAT
ENC3_NNGR_45x45_04;0.04020;3;0;0;0;0;0;0;0;0;0;0;0;0;0;0;0;0;0.00000;0.00000;0;0;0;0;0;SAT
ENC3_NNGR_45x45_05;0.03622;1;0;0;0;0;0;0;0;0;0;0;0;0;0;0;0;0;0.00000;0.00000;0;0;0;0;0;SAT
ENC3_NNGR_45x45_06;0.03690;9;10;0;0;0;12;0;0;0;0;0;0;0;0;0;0;0;0.00000;0.00000;0;0;0;0;0;SAT
ENC3_NNGR_45x45_07;0.03914;3;3;0;0;0;8;0;0;0;0;0;0;0;0;0;0;0;0.00000;0.00000;0;0;0;0;0;SAT
ENC3_NNGR_45x45_08;0.05182;12;11;0;0;0;18;0;0;0;0;0;0;0;0;0;0;0;0.00000;0.00000;0;0;0;0;0;SAT
ENC3_NNGR_45x45_09;0.05477;2;4;0;0;0;7;0;0;0;0;0;0;0;0;0;0;0;0.00000;0.00000;0;0;0;0;0;SAT
ENC3_NNGR_45x45_10;0.05578;4;6;0;0;0;5;0;0;0;0;0;0;0;0;0;0;0;0.00000;0.00000;0;0;0;0;0;SAT
ENC3_NNGR_45x45_11;0.04167;8;3;0;0;0;8;0;0;0;0;0;0;0;0;0;0;0;0.00000;0.00000;0;0;0;0;0;SAT
ENC3_NNGR_45x45_12;0.05859;1;0;0;0;0;0;0;0;0;0;0;0;0;0;0;0;0;0.00000;0.00000;0;0;0;0;0;SAT
ENC3_NNGR_45x45_13;0.04319;0;0;0;0;0;0;0;0;0;0;0;0;0;0;0;0;0;0.00000;0.00000;0;0;0;0;0;SAT
ENC3_NNGR_45x45_14;0.04954;3;3;0;0;0;1;0;0;0;0;0;0;0;0;0;0;0;0.00000;0.00000;0;0;0;0;0;SAT
ENC3_NNGR_45x45_15;0.04442;2;0;0;0;0;4;0;0;0;0;0;0;0;0;0;0;0;0.00000;0.00000;0;0;0;0;0;SAT
ENC3_NNGR_45x45_16;0.02802;5;1;0;0;0;1;0;0;0;0;0;0;0;0;0;0;0;0.00000;0.00000;0;0;0;0;0;SAT
ENC3_NNGR_45x45_17;0.03686;3;1;0;0;0;1;0;0;0;0;0;0;0;0;0;0;0;0.00000;0.00000;0;0;0;0;0;SAT
ENC3_NNGR_45x45_18;0.04393;5;2;0;0;0;1;0;0;0;0;0;0;0;0;0;0;0;0.00000;0.00000;0;0;0;0;0;SAT
ENC3_NNGR_45x45_19;0.06034;7;10;0;0;0;9;0;0;0;0;0;0;0;0;0;0;0;0.00000;0.00000;0;0;0;0;0;SAT
ENC3_NNGR_45x45_20;0.05148;0;1;0;0;0;0;0;0;0;0;0;0;0;0;0;0;0;0.00000;0.00000;0;0;0;0;0;SAT
ENC3_NNGR_45x45_21;0.04703;10;8;0;0;0;9;0;0;0;0;0;0;0;0;0;0;0;0.00000;0.00000;0;0;0;0;0;SAT
ENC3_NNGR_45x45_22;0.05344;6;11;0;0;0;11;0;0;0;0;0;0;0;0;0;0;0;0.00000;0.00000;0;0;0;0;0;SAT
ENC3_NNGR_45x45_23;0.03660;6;1;0;0;0;0;0;0;0;0;0;0;0;0;0;0;0;0.00000;0.00000;0;0;0;0;0;SAT
ENC3_NNGR_45x45_24;0.03759;5;2;0;0;0;3;0;0;0;0;0;0;0;0;0;0;0;0.00000;0.00000;0;0;0;0;0;SAT
ENC3_NNGR_45x45_25;0.03086;1;1;0;0;0;0;0;0;0;0;0;0;0;0;0;0;0;0.00000;0.00000;0;0;0;0;0;SAT
ENC3_NNGR_45x45_26;0.03546;5;2;0;0;0;5;0;0;0;0;0;0;0;0;0;0;0;0.00000;0.00000;0;0;0;0;0;SAT
ENC3_NNGR_45x45_27;0.03210;14;6;0;0;0;0;0;0;0;0;0;0;0;0;0;0;0;0.00000;0.00000;0;0;0;0;0;SAT
ENC3_NNGR_45x45_28;0.02996;1;2;0;0;0;7;0;0;0;0;0;0;0;0;0;0;0;0.00000;0.00000;0;0;0;0;0;SAT
ENC3_NNGR_45x45_29;0.04241;9;11;0;0;0;18;0;0;0;0;0;0;0;0;0;0;0;0.00000;0.00000;0;0;0;0;0;SAT
ENC3_NNGR_45x45_30;0.04994;0;0;0;0;0;0;0;0;0;0;0;0;0;0;0;0;0;0.00000;0.00000;0;0;0;0;0;SAT
ENC3_NNGR_45x45_31;0.05612;2;1;0;0;0;0;0;0;0;0;0;0;0;0;0;0;0;0.00000;0.00000;0;0;0;0;0;SAT
ENC3_NNGR_45x80_02;0.08341;5;9;0;0;0;8;0;0;0;0;0;0;0;0;0;0;0;0.00000;0.00000;0;0;0;0;0;SAT
ENC3_NNGR_50x40_01;0.05128;0;0;0;0;0;0;0;0;0;0;0;0;0;0;0;0;0;0.00000;0.00000;0;0;0;0;0;SAT
ENC3_NNGR_50x40_02;0.04748;14;14;0;0;0;5;0;0;0;0;0;0;0;0;0;0;0;0.00000;0.00000;0;0;0;0;0;SAT
ENC3_NNGR_50x50_01;0.03957;1;0;0;0;0;0;0;0;0;0;0;0;0;0;0;0;0;0.00000;0.00000;0;0;0;0;0;SAT
ENC3_NNGR_50x70_01;0.04362;0;0;0;0;0;0;0;0;0;0;0;0;0;0;0;0;0;0.00000;0.00000;0;0;0;0;0;SAT
ENC3_NNGR_50x75_01;0.03738;0;0;0;0;0;0;0;0;0;0;0;0;0;0;0;0;0;0.00000;0.00000;0;0;0;0;0;SAT
ENC3_NNGR_50x75_02;0.08497;1;5;0;0;0;7;0;0;0;0;0;0;0;0;0;0;0;0.00000;0.00000;0;0;0;0;0;SAT
ENC3_NNGR_53x45_01;0.02986;0;0;0;0;0;0;0;0;0;0;0;0;0;0;0;0;0;0.00000;0.00000;0;0;0;0;0;SAT
ENC3_NNGR_55x65_01;0.18960;25;39;0;0;0;101;0;0;0;0;0;0;0;0;0;0;0;0.00000;0.00000;0;0;0;0;0;SAT
ENC3_NNGR_55x65_02;0.08116;6;8;0;0;0;4;0;0;0;0;0;0;0;0;0;0;0;0.00000;0.00000;0;0;0;0;0;SAT
ENC3_NNGR_55x70_01;0.06474;0;3;0;0;0;2;0;0;0;0;0;0;0;0;0;0;0;0.00000;0.00000;0;0;0;0;0;SAT
ENC3_NNGR_55x75_01;0.14434;30;51;0;0;0;51;0;0;0;0;0;0;0;0;0;0;0;0.00000;0.00000;0;0;0;0;0;SAT
ENC3_NNGR_56x55_01;0.05089;0;0;0;0;0;0;0;0;0;0;0;0;0;0;0;0;0;0.00000;0.00000;0;0;0;0;0;SAT
ENC3_NNGR_57x57_01;0.07651;0;0;0;0;0;0;0;0;0;0;0;0;0;0;0;0;0;0.00000;0.00000;0;0;0;0;0;SAT
ENC3_NNGR_58x58_01;0.03209;2;0;0;0;0;1;0;0;0;0;0;0;0;0;0;0;0;0.00000;0.00000;0;0;0;0;0;SAT
ENC3_NNGR_58x68_01;0.11059;11;4;0;0;0;5;0;0;0;0;0;0;0;0;0;0;0;0.00000;0.00000;0;0;0;0;0;SAT
ENC3_NNGR_60x60_01;0.04140;2;0;0;0;0;0;0;0;0;0;0;0;0;0;0;0;0;0.00000;0.00000;0;0;0;0;0;SAT
ENC3_NNGR_61x66_01;0.04527;0;0;0;0;0;0;0;0;0;0;0;0;0;0;0;0;0;0.00000;0.00000;0;0;0;0;0;SAT
ENC3_NNGR_65x45_01;0.02302;0;0;0;0;0;0;0;0;0;0;0;0;0;0;0;0;0;0.00000;0.00000;0;0;0;0;0;SAT
ENC3_NNGR_65x45_02;0.02606;0;0;0;0;0;0;0;0;0;0;0;0;0;0;0;0;0;0.00000;0.00000;0;0;0;0;0;SAT
ENC3_NNGR_65x45_03;0.02041;0;0;0;0;0;0;0;0;0;0;0;0;0;0;0;0;0;0.00000;0.00000;0;0;0;0;0;SAT
ENC3_NNGR_65x55_01;0.05244;16;3;0;0;0;3;0;0;0;0;0;0;0;0;0;0;0;0.00000;0.00000;0;0;0;0;0;SAT
ENC3_NNGR_65x60_01;0.06343;6;4;0;0;0;1;0;0;0;0;0;0;0;0;0;0;0;0.00000;0.00000;0;0;0;0;0;SAT
ENC3_NNGR_65x65_01;0.03865;2;3;0;0;0;5;0;0;0;0;0;0;0;0;0;0;0;0.00000;0.00000;0;0;0;0;0;SAT
ENC3_NNGR_65x80_01;0.05451;1;0;0;0;0;0;0;0;0;0;0;0;0;0;0;0;0;0.00000;0.00000;0;0;0;0;0;SAT
ENC3_NNGR_66x50_01;0.02301;0;0;0;0;0;0;0;0;0;0;0;0;0;0;0;0;0;0.00000;0.00000;0;0;0;0;0;SAT
ENC3_NNGR_66x56_01;0.03483;8;13;0;0;0;18;0;0;0;0;0;0;0;0;0;0;0;0.00000;0.00000;0;0;0;0;0;SAT
ENC3_NNGR_68x49_01;0.02993;0;3;0;0;0;0;0;0;0;0;0;0;0;0;0;0;0;0.00000;0.00000;0;0;0;0;0;SAT
ENC3_NNGR_68x68_01;0.03303;1;0;0;0;0;0;0;0;0;0;0;0;0;0;0;0;0;0.00000;0.00000;0;0;0;0;0;SAT
ENC3_NNGR_70x45_01;0.02721;9;6;0;0;0;5;0;0;0;0;0;0;0;0;0;0;0;0.00000;0.00000;0;0;0;0;0;SAT
ENC3_NNGR_70x60_01;0.08486;18;14;0;0;0;26;0;0;0;0;0;0;0;0;0;0;0;0.00000;0.00000;0;0;0;0;0;SAT
ENC3_NNGR_70x70_01;0.09782;1;1;0;0;0;1;0;0;0;0;0;0;0;0;0;0;0;0.00000;0.00000;0;0;0;0;0;SAT
ENC3_NNGR_70x80_01;0.14000;11;11;0;0;0;15;0;0;0;0;0;0;0;0;0;0;0;0.00000;0.00000;0;0;0;0;0;SAT
ENC3_NNGR_74x74_01;0.07769;0;1;0;0;0;0;0;0;0;0;0;0;0;0;0;0;0;0.00000;0.00000;0;0;0;0;0;SAT
ENC3_NNGR_75x50_01;0.09802;11;14;0;0;0;35;0;0;0;0;0;0;0;0;0;0;0;0.00000;0.00000;0;0;0;0;0;SAT
ENC3_NNGR_75x55_01;0.05950;16;3;0;0;0;2;0;0;0;0;0;0;0;0;0;0;0;0.00000;0.00000;0;0;0;0;0;SAT
ENC3_NNGR_75x55_02;0.08490;0;1;0;0;0;5;0;0;0;0;0;0;0;0;0;0;0;0.00000;0.00000;0;0;0;0;0;SAT
ENC3_NNGR_75x55_03;0.07265;11;12;0;0;0;18;0;0;0;0;0;0;0;0;0;0;0;0.00000;0.00000;0;0;0;0;0;SAT
ENC3_NNGR_75x55_04;0.07311;9;13;0;0;0;28;0;0;0;0;0;0;0;0;0;0;0;0.00000;0.00000;0;0;0;0;0;SAT
ENC3_NNGR_75x55_05;0.13882;23;15;0;0;0;61;0;0;0;0;0;0;0;0;0;0;0;0.00000;0.00000;0;0;0;0;0;SAT
ENC3_NNGR_75x55_06;0.03939;3;0;0;0;0;0;0;0;0;0;0;0;0;0;0;0;0;0.00000;0.00000;0;0;0;0;0;SAT
ENC3_NNGR_75x55_07;0.06780;5;1;0;0;0;1;0;0;0;0;0;0;0;0;0;0;0;0.00000;0.00000;0;0;0;0;0;SAT
ENC3_NNGR_75x55_08;0.28199;12;50;0;0;0;106;0;0;0;0;0;0;0;0;0;0;0;0.00000;0.00000;0;0;0;0;0;SAT
ENC3_NNGR_75x56_01;0.06683;0;0;0;0;0;0;0;0;0;0;0;0;0;0;0;0;0;0.00000;0.00000;0;0;0;0;0;SAT
ENC3_NNGR_75x75_01;0.15338;36;22;0;0;0;24;0;0;0;0;0;0;0;0;0;0;0;0.00000;0.00000;0;0;0;0;0;SAT
ENC3_NNGR_77x58_01;0.05268;5;2;0;0;0;2;0;0;0;0;0;0;0;0;0;0;0;0.00000;0.00000;0;0;0;0;0;SAT
ENC3_NNGR_78x49_01;0.05549;4;8;0;0;0;3;0;0;0;0;0;0;0;0;0;0;0;0.00000;0.00000;0;0;0;0;0;SAT
ENC3_NNGR_79x51_01;0.04743;0;0;0;0;0;0;0;0;0;0;0;0;0;0;0;0;0;0.00000;0.00000;0;0;0;0;0;SAT
ENC3_NNGR_80x48_01;0.04621;4;0;0;0;0;0;0;0;0;0;0;0;0;0;0;0;0;0.00000;0.00000;0;0;0;0;0;SAT
ENC3_NNGR_80x50_01;0.09832;2;4;0;0;0;6;0;0;0;0;0;0;0;0;0;0;0;0.00000;0.00000;0;0;0;0;0;SAT
ENC3_NNGR_80x55_01;8.29303;51;204;0;0;0;807;0;0;0;0;0;0;0;0;0;0;0;0.00000;0.00000;0;0;0;0;0;SAT
ENC3_NNGR_80x55_05;0.04705;19;3;0;0;0;5;0;0;0;0;0;0;0;0;0;0;0;0.00000;0.00000;0;0;0;0;0;SAT
ENC3_NNGR_80x60_01;0.03438;2;0;0;0;0;2;0;0;0;0;0;0;0;0;0;0;0;0.00000;0.00000;0;0;0;0;0;SAT
ENC3_NNGR_80x60_02;0.03039;0;0;0;0;0;0;0;0;0;0;0;0;0;0;0;0;0;0.00000;0.00000;0;0;0;0;0;SAT
ENC3_NNGR_80x60_03;0.07405;11;14;0;0;0;19;0;0;0;0;0;0;0;0;0;0;0;0.00000;0.00000;0;0;0;0;0;SAT
ENC3_NNGR_80x65_01;0.14255;50;60;0;0;0;150;0;0;0;0;0;0;0;0;0;0;0;0.00000;0.00000;0;0;0;0;0;SAT
ENC3_NNGR_80x68_01;0.06344;8;7;0;0;0;20;0;0;0;0;0;0;0;0;0;0;0;0.00000;0.00000;0;0;0;0;0;SAT
ENC3_NNGR_80x70_01;0.04045;36;37;0;0;0;46;0;0;0;0;0;0;0;0;0;0;0;0.00000;0.00000;0;0;0;0;0;SAT
ENC3_NNGR_89x71_01;0.02575;4;0;0;0;0;1;0;0;0;0;0;0;0;0;0;0;0;0.00000;0.00000;0;0;0;0;0;SAT
ENC3_NNGR_90x90_01;0.04686;0;0;0;0;0;0;0;0;0;0;0;0;0;0;0;0;0;0.00000;0.00000;0;0;0;0;0;SAT
ENC3_NNGR_95x70_01;0.04872;4;1;0;0;0;0;0;0;0;0;0;0;0;0;0;0;0;0.00000;0.00000;0;0;0;0;0;SAT
ENC3_NNGR_100x75_01;0.06922;2;1;0;0;0;1;0;0;0;0;0;0;0;0;0;0;0;0.00000;0.00000;0;0;0;0;0;SAT
